{
  "project_info": {
    "project_number": "668375419702",
    "project_id": "sos-6ac44",
    "storage_bucket": "sos-6ac44.appspot.com"
  },
  "client": [
    {
      "client_info": {
        "mobilesdk_app_id": "1:668375419702:android:4d096e9bd673caf5674197",
        "android_client_info": {
          "package_name": "com.mysos.in"
        }
      },
      "oauth_client": [
        {
          "client_id": "668375419702-4sh0nprcu2os7bp5pglkncdi4t1e7qic.apps.googleusercontent.com",
          "client_type": 3
        }
      ],
      "api_key": [
        {
          "current_key": "AIzaSyAZYc5_Uj2Nl39BqIQsrLBFDHW1BJaTCv8"
        }
      ],
      "services": {
        "appinvite_service": {
          "other_platform_oauth_client": [
            {
              "client_id": "668375419702-4sh0nprcu2os7bp5pglkncdi4t1e7qic.apps.googleusercontent.com",
              "client_type": 3
            }
          ]
        }
      }
    }
  ],
  "configuration_version": "1"
}